{
  "total_epochs": 13,
  "best_epoch": 3,
  "best_val_loss": 0.33678532391786575,
  "final_val_auc": 0.9280740956637196,
  "final_val_accuracy": 0.8323353293413174,
  "training_time_seconds": 2.76,
  "n_samples": 2504,
  "n_features": 4313,
  "hyperparameters": {
    "epochs": 50,
    "batch_size": 64,
    "learning_rate": 0.001,
    "dropout": 0.3,
    "patience": 10
  },
  "loss_history": {
    "train": [
      0.43837576638907194,
      0.15428503789007664,
      0.05698044877499342,
      0.03424427405116148,
      0.027399752216297202,
      0.014324584801215678,
      0.008905125774617773,
      0.006760333668353269,
      0.008015918119781418,
      0.024994074567075586,
      0.02541685772303026,
      0.019667834138090257,
      0.008695016666024458
    ],
    "val": [
      0.8238670378923416,
      0.4044448658823967,
      0.33678532391786575,
      0.33919565193355083,
      0.4833029545843601,
      0.4437071215361357,
      0.4178754333406687,
      0.550246674567461,
      0.472121711820364,
      0.5214442703872919,
      0.8587360605597496,
      0.5272938758134842,
      0.6073382664471865
    ],
    "val_auc": [
      0.9286084393924674,
      0.9412707665403672,
      0.943100489005473,
      0.9406392694063926,
      0.9386962013018556,
      0.9356682535056187,
      0.940104925677645,
      0.9213219340004534,
      0.9387609702386736,
      0.9337575698694905,
      0.921006185433466,
      0.9338547232747174,
      0.9280740956637196
    ]
  }
}